,TimeStamp,High,Low,Open,Close,Total Volume,Period Volume,Number of Trades
0,2010-09-17 09:30:00,1133.75,1132.75,1132.75,1133.0,76925,615,0
1,2010-09-17 09:29:00,1132.75,1132.25,1132.25,1132.75,75688,522,0
2,2010-09-17 09:28:00,1132.25,1131.5,1132.25,1132.0,75066,298,0
3,2010-09-17 09:27:00,1132.5,1132.0,1132.0,1132.25,74643,306,0
4,2010-09-17 09:26:00,1131.75,1131.5,1131.5,1131.75,74287,103,0
5,2010-09-17 09:25:00,1131.25,1131.0,1131.0,1131.25,74074,420,0
6,2010-09-17 09:24:00,1131.25,1131.0,1131.25,1131.0,73624,213,0
7,2010-09-17 09:23:00,1131.5,1131.0,1131.5,1131.0,73370,129,0
8,2010-09-17 09:22:00,1131.25,1130.0,1130.0,1131.25,73121,359,0
9,2010-09-17 09:21:00,1130.25,1130.0,1130.0,1130.25,72276,102,0
10,2010-09-17 09:19:00,1129.75,1129.75,1129.75,1129.75,71489,23,0
11,2010-09-17 09:17:00,1129.75,1129.5,1129.75,1129.75,71211,137,0
12,2010-09-17 09:16:00,1130.0,1129.75,1130.0,1129.75,71074,6,0
13,2010-09-17 09:15:00,1130.0,1130.0,1130.0,1130.0,71063,26,0
14,2010-09-17 09:14:00,1130.25,1129.75,1129.75,1130.0,70691,226,0
15,2010-09-17 09:13:00,1130.25,1129.75,1130.0,1130.0,70242,63,0
16,2010-09-17 09:12:00,1130.25,1130.0,1130.25,1130.0,68976,19,0
17,2010-09-17 09:11:00,1130.5,1130.25,1130.25,1130.5,67884,65,0
18,2010-09-17 09:10:00,1130.5,1130.0,1130.0,1130.5,67553,171,0
19,2010-09-17 09:09:00,1130.25,1129.75,1130.0,1129.75,67376,35,0
20,2010-09-17 09:08:00,1130.0,1129.0,1129.0,1130.0,67341,164,0
21,2010-09-17 09:07:00,1129.0,1128.75,1128.75,1129.0,67167,175,0
22,2010-09-17 09:06:00,1129.0,1128.5,1129.0,1128.75,66697,466,0
23,2010-09-17 09:05:00,1129.75,1129.0,1129.75,1129.0,66133,208,0
24,2010-09-17 09:04:00,1130.25,1129.75,1130.0,1129.75,65880,300,0
25,2010-09-17 09:03:00,1130.25,1130.0,1130.25,1130.0,63984,16,0
26,2010-09-17 09:02:00,1130.5,1130.0,1130.5,1130.0,63879,29,0
27,2010-09-17 09:01:00,1130.5,1129.75,1129.75,1130.5,63691,27,0
28,2010-09-17 09:00:00,1130.5,1129.75,1130.25,1129.75,63068,221,0
29,2010-09-17 08:59:00,1130.5,1130.25,1130.5,1130.25,62608,66,0
30,2010-09-17 08:58:00,1130.75,1130.5,1130.75,1130.5,62541,129,0
31,2010-09-17 08:57:00,1130.75,1130.5,1130.5,1130.75,62275,180,0
32,2010-09-17 08:56:00,1130.75,1130.5,1130.75,1130.5,61768,136,0
33,2010-09-17 08:55:00,1131.0,1130.75,1130.75,1131.0,61442,93,0
34,2010-09-17 08:54:00,1130.75,1130.75,1130.75,1130.75,61292,12,0
35,2010-09-17 08:53:00,1131.0,1130.75,1131.0,1130.75,61180,196,0
36,2010-09-17 08:52:00,1131.5,1131.0,1131.5,1131.0,60984,131,0
37,2010-09-17 08:51:00,1132.25,1131.5,1132.25,1131.5,60834,156,0
38,2010-09-17 08:50:00,1132.25,1132.0,1132.0,1132.25,60410,38,0
39,2010-09-17 08:49:00,1132.25,1132.0,1132.0,1132.0,60362,62,0
40,2010-09-17 08:48:00,1132.25,1131.75,1132.25,1132.25,60241,142,0
41,2010-09-17 08:47:00,1132.0,1131.5,1131.5,1132.0,60093,42,0
42,2010-09-17 08:46:00,1131.75,1131.5,1131.5,1131.75,60021,81,0
43,2010-09-17 08:45:00,1131.75,1131.25,1131.25,1131.5,59939,36,0
44,2010-09-17 08:44:00,1131.75,1131.5,1131.5,1131.75,59752,28,0
45,2010-09-17 08:43:00,1132.0,1131.5,1131.75,1131.5,58991,114,0
46,2010-09-17 08:42:00,1132.25,1132.0,1132.0,1132.0,58827,111,0
47,2010-09-17 08:41:00,1132.0,1131.75,1131.75,1132.0,58660,226,0
48,2010-09-17 08:40:00,1132.0,1131.75,1132.0,1131.75,58434,201,0
49,2010-09-17 08:39:00,1131.75,1131.5,1131.75,1131.75,57490,113,0
50,2010-09-17 08:38:00,1131.75,1131.5,1131.5,1131.5,56442,292,0
51,2010-09-17 08:37:00,1131.75,1131.25,1131.25,1131.5,56150,115,0
52,2010-09-17 08:36:00,1131.0,1130.25,1130.5,1131.0,55923,68,0
53,2010-09-17 08:35:00,1130.25,1129.75,1130.0,1130.25,55854,18,0
54,2010-09-17 08:34:00,1130.5,1130.0,1130.5,1130.0,55836,252,0
55,2010-09-17 08:33:00,1131.0,1130.25,1131.0,1130.25,55584,166,0
56,2010-09-17 08:32:00,1131.5,1130.5,1131.0,1130.5,55302,199,0
57,2010-09-17 08:31:00,1131.5,1130.5,1131.5,1131.25,55102,157,0
58,2010-09-17 08:30:00,1132.0,1131.75,1132.0,1131.75,54945,7,0
59,2010-09-17 08:29:00,1131.75,1131.75,1131.75,1131.75,54738,26,0
60,2010-09-17 08:28:00,1132.0,1131.5,1131.5,1131.75,54507,129,0
61,2010-09-17 08:27:00,1131.5,1131.25,1131.5,1131.25,54355,142,0
62,2010-09-17 08:26:00,1131.5,1131.25,1131.25,1131.5,54213,48,0
63,2010-09-17 08:25:00,1131.25,1131.0,1131.0,1131.25,54056,359,0
64,2010-09-17 08:24:00,1130.75,1130.5,1130.5,1130.75,53697,92,0
65,2010-09-17 08:23:00,1130.0,1130.0,1130.0,1130.0,53605,6,0
66,2010-09-17 08:22:00,1130.5,1130.25,1130.25,1130.25,53396,36,0
67,2010-09-17 08:21:00,1130.25,1130.25,1130.25,1130.25,53360,9,0
68,2010-09-17 08:20:00,1130.25,1130.25,1130.25,1130.25,53351,5,0
69,2010-09-17 08:19:00,1130.25,1130.0,1130.0,1130.0,53346,487,0
70,2010-09-17 08:18:00,1130.0,1129.75,1130.0,1129.75,52602,15,0
71,2010-09-17 08:17:00,1130.25,1129.75,1129.75,1130.25,52586,58,0
72,2010-09-17 08:16:00,1130.0,1129.75,1129.75,1129.75,52528,42,0
73,2010-09-17 08:15:00,1130.0,1129.75,1129.75,1129.75,52486,152,0
74,2010-09-17 08:14:00,1129.75,1129.25,1129.25,1129.5,52334,21,0
75,2010-09-17 08:13:00,1129.75,1129.25,1129.75,1129.25,52313,12,0
76,2010-09-17 08:12:00,1129.75,1129.5,1129.5,1129.5,52301,129,0
77,2010-09-17 08:11:00,1129.75,1129.5,1129.5,1129.5,52168,63,0
78,2010-09-17 08:10:00,1130.25,1129.0,1130.25,1129.5,52105,136,0
79,2010-09-17 08:09:00,1131.0,1130.25,1131.0,1130.5,51957,188,0
80,2010-09-17 08:08:00,1131.5,1131.25,1131.5,1131.25,51769,7,0
81,2010-09-17 08:07:00,1131.5,1131.5,1131.5,1131.5,51762,63,0
82,2010-09-17 08:06:00,1131.5,1131.5,1131.5,1131.5,51699,1,0
83,2010-09-17 08:05:00,1131.5,1131.5,1131.5,1131.5,51698,1,0
84,2010-09-17 08:04:00,1131.5,1131.5,1131.5,1131.5,51697,36,0
85,2010-09-17 08:03:00,1131.75,1131.5,1131.75,1131.5,51661,22,0
86,2010-09-17 08:02:00,1131.75,1131.75,1131.75,1131.75,51639,21,0
87,2010-09-17 08:01:00,1131.75,1131.75,1131.75,1131.75,51618,148,0
88,2010-09-17 08:00:00,1131.5,1131.5,1131.5,1131.5,51470,19,0
89,2010-09-17 07:59:00,1131.75,1131.5,1131.5,1131.5,51451,13,0
90,2010-09-17 07:58:00,1131.75,1131.5,1131.5,1131.5,51438,108,0
91,2010-09-17 07:57:00,1131.5,1131.0,1131.0,1131.5,51315,52,0
92,2010-09-17 07:56:00,1131.25,1131.0,1131.25,1131.0,51263,44,0
93,2010-09-17 07:55:00,1131.25,1130.75,1131.0,1131.25,51217,149,0
94,2010-09-17 07:54:00,1130.75,1130.5,1130.5,1130.75,51068,204,0
95,2010-09-17 07:53:00,1131.0,1130.75,1131.0,1130.75,50838,5,0
96,2010-09-17 07:52:00,1131.25,1130.75,1131.0,1130.75,50833,187,0
97,2010-09-17 07:51:00,1131.5,1131.25,1131.5,1131.25,50631,210,0
98,2010-09-17 07:50:00,1131.75,1131.75,1131.75,1131.75,49924,2,0
99,2010-09-17 07:49:00,1132.0,1131.25,1131.5,1132.0,49922,39,0
100,2010-09-17 07:48:00,1131.5,1131.25,1131.25,1131.5,49847,61,0
101,2010-09-17 07:47:00,1132.0,1131.25,1132.0,1131.5,49786,216,0
102,2010-09-17 07:46:00,1132.25,1132.0,1132.25,1132.25,49569,15,0
103,2010-09-17 07:45:00,1132.25,1131.5,1132.0,1132.0,49554,228,0
104,2010-09-17 07:44:00,1132.0,1132.0,1132.0,1132.0,49326,22,0
105,2010-09-17 07:43:00,1132.0,1131.75,1132.0,1132.0,49304,213,0
106,2010-09-17 07:42:00,1132.25,1131.75,1132.25,1131.75,49091,111,0
107,2010-09-17 07:41:00,1132.5,1132.0,1132.5,1132.5,48980,62,0
108,2010-09-17 07:40:00,1133.0,1132.25,1133.0,1132.5,48918,45,0
109,2010-09-17 07:39:00,1133.0,1132.75,1133.0,1133.0,48873,52,0
110,2010-09-17 07:38:00,1133.0,1132.75,1132.75,1133.0,48821,2,0
111,2010-09-17 07:37:00,1133.0,1132.5,1132.75,1132.5,48819,689,0
112,2010-09-17 07:36:00,1132.25,1132.25,1132.25,1132.25,47954,30,0
113,2010-09-17 07:35:00,1132.75,1132.25,1132.75,1132.5,47924,101,0
114,2010-09-17 07:34:00,1133.75,1132.75,1133.75,1132.75,47823,155,0
115,2010-09-17 07:33:00,1133.75,1133.75,1133.75,1133.75,47624,23,0
116,2010-09-17 07:32:00,1134.25,1134.0,1134.25,1134.0,47487,18,0
117,2010-09-17 07:31:00,1134.0,1134.0,1134.0,1134.0,47469,3,0
118,2010-09-17 07:30:00,1134.0,1134.0,1134.0,1134.0,47442,157,0
119,2010-09-17 07:29:00,1134.0,1134.0,1134.0,1134.0,47285,89,0
120,2010-09-17 07:28:00,1134.25,1134.0,1134.25,1134.25,47196,15,0
121,2010-09-17 07:27:00,1134.5,1134.25,1134.25,1134.5,47181,11,0
122,2010-09-17 07:26:00,1134.25,1134.0,1134.0,1134.0,47170,110,0
123,2010-09-17 07:25:00,1134.0,1134.0,1134.0,1134.0,47051,2,0
124,2010-09-17 07:24:00,1134.25,1133.75,1134.25,1134.0,47049,148,0
125,2010-09-17 07:23:00,1134.25,1134.0,1134.25,1134.25,46901,4,0
126,2010-09-17 07:22:00,1134.25,1134.25,1134.25,1134.25,46897,13,0
127,2010-09-17 07:21:00,1134.5,1134.25,1134.5,1134.25,46883,381,0
128,2010-09-17 07:19:00,1135.0,1134.5,1135.0,1134.5,46439,224,0
129,2010-09-17 07:18:00,1135.0,1134.75,1134.75,1134.75,46213,45,0
130,2010-09-17 07:17:00,1135.25,1135.0,1135.25,1135.0,46168,12,0
131,2010-09-17 07:16:00,1135.5,1135.25,1135.25,1135.25,46087,10,0
132,2010-09-17 07:15:00,1135.5,1135.25,1135.25,1135.5,46077,2,0
133,2010-09-17 07:14:00,1135.5,1135.5,1135.5,1135.5,46075,149,0
134,2010-09-17 07:13:00,1135.75,1135.75,1135.75,1135.75,45926,4,0
135,2010-09-17 07:12:00,1136.0,1135.25,1136.0,1135.75,45917,31,0
136,2010-09-17 07:11:00,1136.0,1136.0,1136.0,1136.0,45886,23,0
137,2010-09-17 07:09:00,1136.5,1136.0,1136.5,1136.0,45853,15,0
138,2010-09-17 07:08:00,1136.25,1136.0,1136.0,1136.25,44987,20,0
139,2010-09-17 07:06:00,1135.75,1135.5,1135.5,1135.5,44940,17,0
140,2010-09-17 07:05:00,1135.5,1135.5,1135.5,1135.5,44923,7,0
141,2010-09-17 07:04:00,1135.0,1135.0,1135.0,1135.0,44916,3,0
142,2010-09-17 07:02:00,1135.5,1134.25,1134.5,1135.5,44913,14,0
143,2010-09-17 07:01:00,1135.0,1134.5,1135.0,1134.5,44896,209,0
144,2010-09-17 07:00:00,1134.75,1134.5,1134.5,1134.75,44686,568,0
145,2010-09-17 06:59:00,1134.5,1134.25,1134.5,1134.25,44083,16,0
146,2010-09-17 06:58:00,1134.5,1134.25,1134.25,1134.5,44067,63,0
147,2010-09-17 06:57:00,1134.5,1134.5,1134.5,1134.5,44004,3,0
148,2010-09-17 06:56:00,1134.25,1134.25,1134.25,1134.25,44001,11,0
149,2010-09-17 06:55:00,1134.5,1134.25,1134.5,1134.25,43990,16,0
150,2010-09-17 06:54:00,1134.25,1134.25,1134.25,1134.25,43874,6,0
151,2010-09-17 06:53:00,1134.75,1134.25,1134.75,1134.25,43868,57,0
152,2010-09-17 06:52:00,1135.0,1134.75,1135.0,1134.75,43796,55,0
153,2010-09-17 06:51:00,1135.25,1135.0,1135.0,1135.25,43741,3,0
154,2010-09-17 06:50:00,1135.25,1135.25,1135.25,1135.25,43390,2,0
155,2010-09-17 06:47:00,1135.25,1135.25,1135.25,1135.25,43388,2,0
156,2010-09-17 06:46:00,1135.25,1135.25,1135.25,1135.25,43386,107,0
157,2010-09-17 06:45:00,1135.25,1135.25,1135.25,1135.25,43279,10,0
158,2010-09-17 06:43:00,1135.5,1135.25,1135.5,1135.25,42934,3,0
159,2010-09-17 06:42:00,1135.5,1135.5,1135.5,1135.5,42931,5,0
160,2010-09-17 06:41:00,1135.75,1135.5,1135.75,1135.5,42926,56,0
161,2010-09-17 06:38:00,1136.0,1136.0,1136.0,1136.0,42397,4,0
162,2010-09-17 06:36:00,1135.75,1135.75,1135.75,1135.75,42393,5,0
163,2010-09-17 06:34:00,1136.0,1135.5,1136.0,1135.5,42388,10,0
164,2010-09-17 06:32:00,1135.75,1135.5,1135.5,1135.75,42304,112,0
165,2010-09-17 06:31:00,1135.75,1135.75,1135.75,1135.75,42192,6,0
166,2010-09-17 06:30:00,1135.75,1135.75,1135.75,1135.75,41784,2,0
167,2010-09-17 06:29:00,1135.75,1135.75,1135.75,1135.75,41782,65,0
168,2010-09-17 06:28:00,1135.75,1135.5,1135.75,1135.75,41717,130,0
169,2010-09-17 06:26:00,1136.0,1136.0,1136.0,1136.0,41587,27,0
170,2010-09-17 06:24:00,1136.25,1136.0,1136.0,1136.0,39815,21,0
171,2010-09-17 06:23:00,1136.0,1136.0,1136.0,1136.0,39794,97,0
172,2010-09-17 06:20:00,1136.0,1135.75,1136.0,1135.75,39668,7,0
173,2010-09-17 06:19:00,1136.0,1136.0,1136.0,1136.0,39661,24,0
174,2010-09-17 06:18:00,1136.25,1136.0,1136.0,1136.25,39637,6,0
175,2010-09-17 06:16:00,1136.25,1136.0,1136.25,1136.0,39629,30,0
176,2010-09-17 06:15:00,1136.25,1136.25,1136.25,1136.25,39599,4,0
177,2010-09-17 06:14:00,1136.5,1136.25,1136.25,1136.25,39595,201,0
178,2010-09-17 06:13:00,1136.25,1136.25,1136.25,1136.25,39394,1,0
179,2010-09-17 06:12:00,1136.5,1136.25,1136.25,1136.5,39393,24,0
180,2010-09-17 06:11:00,1136.25,1136.25,1136.25,1136.25,39369,48,0
181,2010-09-17 06:10:00,1136.25,1136.0,1136.25,1136.0,39315,2,0
182,2010-09-17 06:09:00,1136.25,1136.25,1136.25,1136.25,39313,1,0
183,2010-09-17 06:07:00,1136.0,1136.0,1136.0,1136.0,39308,1,0
184,2010-09-17 06:06:00,1136.0,1136.0,1136.0,1136.0,39307,5,0
185,2010-09-17 06:05:00,1136.25,1135.75,1136.0,1136.0,39302,78,0
186,2010-09-17 06:04:00,1136.0,1136.0,1136.0,1136.0,38469,13,0
187,2010-09-17 06:03:00,1136.5,1136.25,1136.25,1136.25,38444,129,0
188,2010-09-17 06:02:00,1136.5,1136.5,1136.5,1136.5,36016,1,0
189,2010-09-17 06:01:00,1136.25,1136.25,1136.25,1136.25,36015,10,0
190,2010-09-17 06:00:00,1136.75,1136.25,1136.5,1136.5,36005,73,0
191,2010-09-17 05:59:00,1136.75,1136.5,1136.5,1136.5,35932,66,0
192,2010-09-17 05:58:00,1136.5,1136.5,1136.5,1136.5,35866,70,0
193,2010-09-17 05:57:00,1136.75,1136.5,1136.75,1136.5,35796,60,0
194,2010-09-17 05:56:00,1137.0,1136.5,1136.5,1136.75,35736,136,0
195,2010-09-17 05:55:00,1136.5,1136.5,1136.5,1136.5,35599,60,0
196,2010-09-17 05:54:00,1136.5,1136.25,1136.5,1136.5,35539,70,0
197,2010-09-17 05:53:00,1136.5,1136.25,1136.25,1136.5,35469,70,0
198,2010-09-17 05:52:00,1136.75,1136.25,1136.25,1136.25,35399,63,0
199,2010-09-17 05:51:00,1136.5,1136.25,1136.25,1136.5,35336,270,0
200,2010-09-17 05:50:00,1136.25,1136.25,1136.25,1136.25,35066,62,0
201,2010-09-17 05:49:00,1136.5,1136.25,1136.25,1136.25,35004,70,0
202,2010-09-17 05:48:00,1136.25,1136.0,1136.25,1136.25,34934,60,0
203,2010-09-17 05:47:00,1136.75,1136.25,1136.75,1136.25,34874,76,0
204,2010-09-17 05:46:00,1136.75,1136.75,1136.75,1136.75,34798,70,0
205,2010-09-17 05:45:00,1137.0,1136.75,1137.0,1136.75,34728,6,0
206,2010-09-17 05:44:00,1137.25,1137.25,1137.25,1137.25,34522,10,0
207,2010-09-17 05:43:00,1137.0,1137.0,1137.0,1137.0,34512,50,0
208,2010-09-17 05:42:00,1137.0,1137.0,1137.0,1137.0,34462,5,0
209,2010-09-17 05:41:00,1137.25,1137.0,1137.25,1137.0,34457,50,0
210,2010-09-17 05:40:00,1137.25,1137.25,1137.25,1137.25,34406,1,0
211,2010-09-17 05:39:00,1137.25,1137.25,1137.25,1137.25,34405,5,0
212,2010-09-17 05:38:00,1137.25,1137.0,1137.25,1137.0,34400,11,0
213,2010-09-17 05:37:00,1137.25,1137.25,1137.25,1137.25,34389,5,0
214,2010-09-17 05:35:00,1137.25,1137.25,1137.25,1137.25,34384,114,0
215,2010-09-17 05:34:00,1137.25,1137.25,1137.25,1137.25,34270,46,0
216,2010-09-17 05:33:00,1137.5,1137.25,1137.25,1137.5,34224,18,0
217,2010-09-17 05:32:00,1137.5,1137.0,1137.0,1137.5,34206,16,0
218,2010-09-17 05:31:00,1136.75,1136.5,1136.5,1136.75,34190,13,0
219,2010-09-17 05:30:00,1136.0,1136.0,1136.0,1136.0,34177,3,0
220,2010-09-17 05:29:00,1136.0,1136.0,1136.0,1136.0,34174,6,0
221,2010-09-17 05:28:00,1136.25,1136.0,1136.25,1136.25,34168,173,0
222,2010-09-17 05:27:00,1136.5,1136.25,1136.5,1136.25,33995,6,0
223,2010-09-17 05:26:00,1136.25,1136.25,1136.25,1136.25,33989,20,0
224,2010-09-17 05:25:00,1136.25,1136.25,1136.25,1136.25,33968,57,0
225,2010-09-17 05:24:00,1136.25,1136.25,1136.25,1136.25,33911,55,0
226,2010-09-17 05:23:00,1136.25,1136.25,1136.25,1136.25,33856,53,0
227,2010-09-17 05:22:00,1136.25,1136.25,1136.25,1136.25,33803,505,0
228,2010-09-17 05:21:00,1136.25,1136.25,1136.25,1136.25,33209,1,0
229,2010-09-17 05:19:00,1136.0,1136.0,1136.0,1136.0,33208,5,0
230,2010-09-17 05:18:00,1136.25,1136.0,1136.25,1136.0,33203,10,0
231,2010-09-17 05:17:00,1136.5,1136.25,1136.5,1136.25,33193,44,0
232,2010-09-17 05:15:00,1136.75,1136.75,1136.75,1136.75,32949,5,0
233,2010-09-17 05:14:00,1136.75,1136.75,1136.75,1136.75,32916,1,0
234,2010-09-17 05:12:00,1137.0,1136.75,1136.75,1137.0,32915,28,0
235,2010-09-17 05:11:00,1137.25,1137.25,1137.25,1137.25,32882,1,0
236,2010-09-17 05:10:00,1137.0,1137.0,1137.0,1137.0,32881,10,0
237,2010-09-17 05:07:00,1137.25,1136.75,1137.25,1136.75,32871,67,0
238,2010-09-17 05:06:00,1137.25,1137.25,1137.25,1137.25,32804,1,0
239,2010-09-17 05:05:00,1137.25,1137.25,1137.25,1137.25,32803,1,0
240,2010-09-17 05:04:00,1137.0,1137.0,1137.0,1137.0,32802,1,0
241,2010-09-17 05:03:00,1137.0,1137.0,1137.0,1137.0,32801,6,0
242,2010-09-17 05:02:00,1136.75,1136.75,1136.75,1136.75,32780,5,0
243,2010-09-17 05:00:00,1136.5,1136.5,1136.5,1136.5,32775,4,0
244,2010-09-17 04:59:00,1136.5,1136.5,1136.5,1136.5,32771,18,0
245,2010-09-17 04:57:00,1136.5,1136.25,1136.25,1136.5,32688,18,0
246,2010-09-17 04:56:00,1136.5,1136.25,1136.25,1136.25,32670,22,0
247,2010-09-17 04:55:00,1136.25,1136.0,1136.25,1136.25,32225,143,0
248,2010-09-17 04:54:00,1136.25,1136.25,1136.25,1136.25,31082,100,0
249,2010-09-17 04:53:00,1136.5,1136.25,1136.5,1136.25,30982,20,0
250,2010-09-17 04:52:00,1136.75,1136.75,1136.75,1136.75,30961,1,0
251,2010-09-17 04:51:00,1136.5,1136.5,1136.5,1136.5,30960,10,0
252,2010-09-17 04:50:00,1136.5,1136.5,1136.5,1136.5,27815,5,0
253,2010-09-17 04:47:00,1136.25,1136.25,1136.25,1136.25,27810,85,0
254,2010-09-17 04:46:00,1136.25,1136.25,1136.25,1136.25,27725,24,0
255,2010-09-17 04:44:00,1136.25,1136.0,1136.25,1136.0,27647,15,0
256,2010-09-17 04:43:00,1136.25,1136.25,1136.25,1136.25,27629,16,0
257,2010-09-17 04:42:00,1136.5,1136.25,1136.5,1136.25,27603,10,0
258,2010-09-17 04:41:00,1136.5,1136.5,1136.5,1136.5,27593,100,0
259,2010-09-17 04:40:00,1136.25,1136.25,1136.25,1136.25,27492,5,0
260,2010-09-17 04:39:00,1136.5,1136.0,1136.25,1136.0,27487,26,0
261,2010-09-17 04:38:00,1136.5,1136.25,1136.5,1136.25,27461,18,0
262,2010-09-17 04:37:00,1137.5,1136.75,1137.5,1136.75,27238,9,0
263,2010-09-17 04:36:00,1137.5,1137.5,1137.5,1137.5,27228,5,0
264,2010-09-17 04:35:00,1137.5,1137.25,1137.25,1137.5,27223,363,0
265,2010-09-17 04:34:00,1137.25,1137.25,1137.25,1137.25,26857,18,0
266,2010-09-17 04:33:00,1137.25,1137.25,1137.25,1137.25,26834,4,0
267,2010-09-17 04:32:00,1137.5,1137.25,1137.25,1137.5,26830,35,0
268,2010-09-17 04:31:00,1137.5,1137.5,1137.5,1137.5,26795,30,0
269,2010-09-17 04:30:00,1137.75,1137.5,1137.5,1137.75,26765,25,0
270,2010-09-17 04:29:00,1137.75,1137.5,1137.5,1137.5,26730,16,0
271,2010-09-17 04:28:00,1137.5,1137.5,1137.5,1137.5,26714,1,0
272,2010-09-17 04:27:00,1137.75,1137.75,1137.75,1137.75,26713,1,0
273,2010-09-17 04:26:00,1137.5,1137.25,1137.5,1137.25,26712,10,0
274,2010-09-17 04:25:00,1137.75,1137.25,1137.25,1137.5,26702,42,0
275,2010-09-17 04:24:00,1137.25,1137.0,1137.0,1137.25,26660,32,0
276,2010-09-17 04:23:00,1137.25,1136.75,1136.75,1137.25,26628,7,0
277,2010-09-17 04:22:00,1137.0,1136.75,1137.0,1136.75,26621,55,0
278,2010-09-17 04:20:00,1137.0,1137.0,1137.0,1137.0,26562,5,0
279,2010-09-17 04:19:00,1137.0,1137.0,1137.0,1137.0,26207,10,0
280,2010-09-17 04:18:00,1137.0,1137.0,1137.0,1137.0,26197,13,0
281,2010-09-17 04:17:00,1137.25,1137.25,1137.25,1137.25,26184,83,0
282,2010-09-17 04:16:00,1137.5,1137.5,1137.5,1137.5,26101,8,0
283,2010-09-17 04:15:00,1137.5,1137.25,1137.5,1137.25,26092,6,0
284,2010-09-17 04:14:00,1137.75,1137.5,1137.75,1137.5,26050,117,0
285,2010-09-17 04:13:00,1137.75,1137.75,1137.75,1137.75,25683,5,0
286,2010-09-17 04:12:00,1137.75,1137.25,1137.25,1137.75,25578,106,0
287,2010-09-17 04:11:00,1137.5,1137.0,1137.25,1137.5,25472,96,0
288,2010-09-17 04:10:00,1137.0,1137.0,1137.0,1137.0,25375,21,0
289,2010-09-17 04:08:00,1136.75,1136.75,1136.75,1136.75,25269,15,0
290,2010-09-17 04:05:00,1136.75,1136.75,1136.75,1136.75,25154,2,0
291,2010-09-17 04:04:00,1137.0,1136.5,1136.75,1136.5,24852,169,0
292,2010-09-17 04:03:00,1137.0,1137.0,1137.0,1137.0,24283,107,0
293,2010-09-17 04:02:00,1137.25,1137.25,1137.25,1137.25,23776,7,0
294,2010-09-17 04:01:00,1137.25,1137.0,1137.25,1137.0,23520,16,0
295,2010-09-17 04:00:00,1137.25,1137.0,1137.25,1137.0,23504,54,0
296,2010-09-17 03:59:00,1137.75,1137.25,1137.75,1137.25,23448,22,0
297,2010-09-17 03:58:00,1137.75,1137.5,1137.5,1137.5,23326,70,0
298,2010-09-17 03:57:00,1137.5,1137.25,1137.25,1137.5,23230,60,0
299,2010-09-17 03:56:00,1137.25,1137.0,1137.0,1137.25,23170,15,0
300,2010-09-17 03:55:00,1137.25,1136.75,1136.75,1137.0,23155,33,0
301,2010-09-17 03:54:00,1137.0,1136.75,1137.0,1136.75,23122,14,0
302,2010-09-17 03:53:00,1137.5,1136.75,1136.75,1137.25,23108,135,0
303,2010-09-17 03:52:00,1136.75,1136.5,1136.5,1136.75,22930,84,0
304,2010-09-17 03:51:00,1136.75,1135.75,1135.75,1136.5,22841,299,0
305,2010-09-17 03:50:00,1136.0,1135.5,1135.75,1135.75,22491,178,0
306,2010-09-17 03:49:00,1135.5,1135.5,1135.5,1135.5,22113,276,0
307,2010-09-17 03:48:00,1135.25,1135.25,1135.25,1135.25,20836,1,0
308,2010-09-17 03:47:00,1135.25,1135.25,1135.25,1135.25,20835,4,0
309,2010-09-17 03:45:00,1135.5,1135.25,1135.5,1135.25,20831,108,0
310,2010-09-17 03:44:00,1135.5,1135.5,1135.5,1135.5,20703,85,0
311,2010-09-17 03:42:00,1135.25,1135.0,1135.0,1135.25,20618,110,0
312,2010-09-17 03:41:00,1135.0,1135.0,1135.0,1135.0,20497,4,0
313,2010-09-17 03:38:00,1135.0,1135.0,1135.0,1135.0,20493,7,0
314,2010-09-17 03:37:00,1134.75,1134.75,1134.75,1134.75,20486,5,0
315,2010-09-17 03:36:00,1135.0,1135.0,1135.0,1135.0,20464,1,0
316,2010-09-17 03:35:00,1135.0,1135.0,1135.0,1135.0,20463,83,0
317,2010-09-17 03:34:00,1135.0,1135.0,1135.0,1135.0,20370,1,0
318,2010-09-17 03:33:00,1134.75,1134.5,1134.75,1134.75,20369,125,0
319,2010-09-17 03:32:00,1135.0,1135.0,1135.0,1135.0,20244,31,0
320,2010-09-17 03:31:00,1135.0,1134.75,1135.0,1134.75,20213,14,0
321,2010-09-17 03:30:00,1135.25,1135.0,1135.25,1135.0,20199,12,0
322,2010-09-17 03:29:00,1135.0,1135.0,1135.0,1135.0,20030,26,0
323,2010-09-17 03:28:00,1135.25,1135.25,1135.25,1135.25,20004,16,0
324,2010-09-17 03:27:00,1135.25,1135.25,1135.25,1135.25,19988,15,0
325,2010-09-17 03:26:00,1135.25,1135.25,1135.25,1135.25,19973,5,0
326,2010-09-17 03:25:00,1135.5,1135.25,1135.5,1135.25,19968,117,0
327,2010-09-17 03:24:00,1135.5,1135.5,1135.5,1135.5,18851,15,0
328,2010-09-17 03:23:00,1135.5,1135.25,1135.5,1135.25,18836,105,0
329,2010-09-17 03:22:00,1135.25,1135.25,1135.25,1135.25,18730,51,0
330,2010-09-17 03:21:00,1135.25,1135.25,1135.25,1135.25,18678,26,0
331,2010-09-17 03:20:00,1135.0,1134.75,1135.0,1134.75,18652,11,0
332,2010-09-17 03:19:00,1134.75,1134.75,1134.75,1134.75,18641,81,0
333,2010-09-17 03:17:00,1134.5,1134.5,1134.5,1134.5,18541,5,0
334,2010-09-17 03:16:00,1134.5,1134.5,1134.5,1134.5,18536,6,0
335,2010-09-17 03:13:00,1134.75,1134.25,1134.75,1134.25,18401,469,0
336,2010-09-17 03:12:00,1134.75,1134.25,1134.25,1134.5,17932,56,0
337,2010-09-17 03:11:00,1134.5,1134.5,1134.5,1134.5,17851,2,0
338,2010-09-17 03:10:00,1134.5,1134.25,1134.25,1134.5,17849,9,0
339,2010-09-17 03:08:00,1134.25,1134.25,1134.25,1134.25,17840,17,0
340,2010-09-17 03:07:00,1134.0,1134.0,1134.0,1134.0,17823,6,0
341,2010-09-17 03:06:00,1134.0,1134.0,1134.0,1134.0,17817,5,0
342,2010-09-17 03:05:00,1134.5,1134.25,1134.25,1134.25,17812,13,0
343,2010-09-17 03:04:00,1134.25,1134.0,1134.0,1134.0,17799,87,0
344,2010-09-17 03:03:00,1134.25,1134.0,1134.0,1134.0,17712,20,0
345,2010-09-17 03:02:00,1134.0,1134.0,1134.0,1134.0,17692,23,0
346,2010-09-17 03:00:00,1134.25,1134.25,1134.25,1134.25,17455,1,0
347,2010-09-17 02:58:00,1134.5,1134.5,1134.5,1134.5,17454,7,0
348,2010-09-17 02:57:00,1134.75,1134.5,1134.5,1134.5,17392,303,0
349,2010-09-17 02:56:00,1134.5,1134.0,1134.0,1134.5,16997,8,0
350,2010-09-17 02:55:00,1134.25,1134.0,1134.25,1134.0,16958,30,0
351,2010-09-17 02:53:00,1134.0,1134.0,1134.0,1134.0,16928,48,0
352,2010-09-17 02:52:00,1134.0,1134.0,1134.0,1134.0,16880,6,0
353,2010-09-17 02:51:00,1134.0,1133.75,1134.0,1133.75,16874,16,0
354,2010-09-17 02:49:00,1133.75,1133.75,1133.75,1133.75,16805,100,0
355,2010-09-17 02:48:00,1134.0,1134.0,1134.0,1134.0,16705,6,0
356,2010-09-17 02:45:00,1133.75,1133.75,1133.75,1133.75,16696,90,0
357,2010-09-17 02:42:00,1134.0,1134.0,1134.0,1134.0,16501,70,0
358,2010-09-17 02:40:00,1134.25,1134.25,1134.25,1134.25,16363,9,0
359,2010-09-17 02:39:00,1134.25,1134.25,1134.25,1134.25,16148,1,0
360,2010-09-17 02:38:00,1134.25,1134.25,1134.25,1134.25,16147,2,0
361,2010-09-17 02:36:00,1134.75,1134.25,1134.5,1134.25,16145,3,0
362,2010-09-17 02:35:00,1134.75,1134.75,1134.75,1134.75,16142,60,0
363,2010-09-17 02:33:00,1134.5,1134.5,1134.5,1134.5,16082,1,0
364,2010-09-17 02:32:00,1134.5,1134.5,1134.5,1134.5,16081,2,0
365,2010-09-17 02:31:00,1134.25,1134.0,1134.0,1134.25,16079,4,0
366,2010-09-17 02:30:00,1134.5,1134.0,1134.25,1134.5,16075,205,0
367,2010-09-17 02:29:00,1134.5,1134.5,1134.5,1134.5,15765,22,0
368,2010-09-17 02:26:00,1134.5,1134.5,1134.5,1134.5,15743,10,0
369,2010-09-17 02:25:00,1134.5,1134.25,1134.25,1134.5,15695,8,0
370,2010-09-17 02:23:00,1134.25,1134.25,1134.25,1134.25,15687,12,0
371,2010-09-17 02:20:00,1134.5,1134.25,1134.25,1134.25,15648,49,0
372,2010-09-17 02:19:00,1134.0,1134.0,1134.0,1134.0,15578,1,0
373,2010-09-17 02:17:00,1134.0,1134.0,1134.0,1134.0,15577,4,0
374,2010-09-17 02:16:00,1134.0,1134.0,1134.0,1134.0,15573,29,0
375,2010-09-17 02:15:00,1134.0,1134.0,1134.0,1134.0,15544,11,0
376,2010-09-17 02:14:00,1134.25,1134.25,1134.25,1134.25,15533,56,0
377,2010-09-17 02:12:00,1134.5,1134.5,1134.5,1134.5,15477,12,0
378,2010-09-17 02:11:00,1134.75,1134.5,1134.75,1134.5,15439,2,0
379,2010-09-17 02:10:00,1134.5,1134.5,1134.5,1134.5,15146,25,0
380,2010-09-17 02:09:00,1134.5,1134.5,1134.5,1134.5,15120,7,0
381,2010-09-17 02:08:00,1134.75,1134.5,1134.5,1134.75,15113,52,0
382,2010-09-17 02:07:00,1134.5,1134.5,1134.5,1134.5,15061,10,0
383,2010-09-17 02:06:00,1134.5,1134.5,1134.5,1134.5,15049,10,0
384,2010-09-17 02:05:00,1134.25,1134.25,1134.25,1134.25,15039,2,0
385,2010-09-17 02:04:00,1134.25,1134.25,1134.25,1134.25,15037,1,0
386,2010-09-17 02:02:00,1134.5,1134.0,1134.5,1134.5,15036,77,0
387,2010-09-17 02:01:00,1134.5,1134.25,1134.25,1134.25,14959,11,0
388,2010-09-17 02:00:00,1134.75,1134.5,1134.5,1134.75,14948,13,0
389,2010-09-17 01:59:00,1134.25,1134.25,1134.25,1134.25,14935,19,0
390,2010-09-17 01:58:00,1134.25,1134.25,1134.25,1134.25,14916,4,0
391,2010-09-17 01:56:00,1134.25,1134.25,1134.25,1134.25,14912,6,0
392,2010-09-17 01:55:00,1134.25,1134.25,1134.25,1134.25,14906,10,0
393,2010-09-17 01:54:00,1134.5,1134.5,1134.5,1134.5,14896,1,0
394,2010-09-17 01:52:00,1134.5,1134.5,1134.5,1134.5,14895,4,0
395,2010-09-17 01:51:00,1134.25,1134.25,1134.25,1134.25,14886,2,0
396,2010-09-17 01:50:00,1135.25,1134.25,1135.25,1134.5,14884,41,0
397,2010-09-17 01:49:00,1135.5,1134.75,1134.75,1135.5,14842,93,0
398,2010-09-17 01:48:00,1135.0,1134.75,1134.75,1134.75,14749,5,0
399,2010-09-17 01:47:00,1134.75,1134.75,1134.75,1134.75,14744,1,0
400,2010-09-17 01:44:00,1134.75,1134.5,1134.5,1134.75,14743,4,0
401,2010-09-17 01:43:00,1134.5,1134.25,1134.5,1134.25,14739,6,0
402,2010-09-17 01:42:00,1134.75,1134.25,1134.75,1134.25,14733,20,0
403,2010-09-17 01:41:00,1135.0,1135.0,1135.0,1135.0,14713,43,0
404,2010-09-17 01:40:00,1134.75,1134.75,1134.75,1134.75,14670,1,0
405,2010-09-17 01:39:00,1134.75,1134.75,1134.75,1134.75,14669,95,0
406,2010-09-17 01:38:00,1134.75,1134.5,1134.5,1134.75,14574,108,0
407,2010-09-17 01:37:00,1134.5,1134.5,1134.5,1134.5,14401,1,0
408,2010-09-17 01:33:00,1134.25,1134.25,1134.25,1134.25,14400,1,0
409,2010-09-17 01:32:00,1134.5,1134.5,1134.5,1134.5,14399,1,0
410,2010-09-17 01:30:00,1134.0,1134.0,1134.0,1134.0,14398,2,0
411,2010-09-17 01:28:00,1134.0,1134.0,1134.0,1134.0,14396,1,0
412,2010-09-17 01:25:00,1134.25,1134.25,1134.25,1134.25,14395,1,0
413,2010-09-17 01:24:00,1134.25,1134.25,1134.25,1134.25,14394,2,0
414,2010-09-17 01:23:00,1134.0,1134.0,1134.0,1134.0,14386,1,0
415,2010-09-17 01:22:00,1134.0,1134.0,1134.0,1134.0,14327,1,0
416,2010-09-17 01:18:00,1134.25,1134.25,1134.25,1134.25,14326,3,0
417,2010-09-17 01:17:00,1134.0,1134.0,1134.0,1134.0,14167,158,0
418,2010-09-17 01:15:00,1133.75,1133.75,1133.75,1133.75,14009,2,0
419,2010-09-17 01:13:00,1133.75,1133.75,1133.75,1133.75,13304,1,0
420,2010-09-17 01:09:00,1134.0,1134.0,1134.0,1134.0,13103,1,0
421,2010-09-17 01:07:00,1134.0,1133.75,1134.0,1133.75,13047,3,0
422,2010-09-17 01:06:00,1133.75,1133.75,1133.75,1133.75,13044,1,0
423,2010-09-17 01:04:00,1134.0,1134.0,1134.0,1134.0,13043,2,0
424,2010-09-17 01:03:00,1134.0,1134.0,1134.0,1134.0,13041,2,0
425,2010-09-17 01:02:00,1134.0,1134.0,1134.0,1134.0,13039,6,0
426,2010-09-17 00:59:00,1134.25,1134.0,1134.0,1134.25,13033,14,0
427,2010-09-17 00:57:00,1134.5,1134.0,1134.25,1134.0,13019,9,0
428,2010-09-17 00:55:00,1134.25,1134.0,1134.25,1134.0,13010,20,0
429,2010-09-17 00:51:00,1134.5,1134.5,1134.5,1134.5,12990,2,0
430,2010-09-17 00:50:00,1134.5,1134.25,1134.5,1134.25,12988,2,0
431,2010-09-17 00:49:00,1134.25,1134.25,1134.25,1134.25,12986,4,0
432,2010-09-17 00:48:00,1134.0,1134.0,1134.0,1134.0,12982,8,0
433,2010-09-17 00:47:00,1134.25,1133.75,1133.75,1134.25,12902,94,0
434,2010-09-17 00:43:00,1133.5,1133.5,1133.5,1133.5,12726,6,0
435,2010-09-17 00:41:00,1134.0,1134.0,1134.0,1134.0,12720,1,0
436,2010-09-17 00:40:00,1133.75,1133.75,1133.75,1133.75,12719,1,0
437,2010-09-17 00:38:00,1134.0,1134.0,1134.0,1134.0,12570,3,0
438,2010-09-17 00:37:00,1134.0,1134.0,1134.0,1134.0,12567,13,0
439,2010-09-17 00:36:00,1134.0,1134.0,1134.0,1134.0,12554,3,0
440,2010-09-17 00:35:00,1134.0,1134.0,1134.0,1134.0,12551,1,0
441,2010-09-17 00:34:00,1133.5,1133.25,1133.25,1133.5,12550,2,0
442,2010-09-17 00:33:00,1133.5,1133.25,1133.5,1133.25,12491,22,0
443,2010-09-17 00:32:00,1133.5,1133.5,1133.5,1133.5,12469,5,0
444,2010-09-17 00:31:00,1133.75,1133.75,1133.75,1133.75,12464,6,0
445,2010-09-17 00:27:00,1133.25,1133.25,1133.25,1133.25,12458,2,0
446,2010-09-17 00:26:00,1133.75,1133.75,1133.75,1133.75,12456,50,0
447,2010-09-17 00:24:00,1133.5,1133.5,1133.5,1133.5,12406,1,0
448,2010-09-17 00:22:00,1133.75,1133.5,1133.75,1133.5,12405,24,0
449,2010-09-17 00:18:00,1133.5,1133.5,1133.5,1133.5,12381,9,0
450,2010-09-17 00:16:00,1133.25,1133.25,1133.25,1133.25,12372,177,0
451,2010-09-17 00:13:00,1133.25,1133.25,1133.25,1133.25,12195,1,0
452,2010-09-17 00:12:00,1133.25,1133.0,1133.25,1133.0,12194,6,0
453,2010-09-17 00:11:00,1133.25,1133.25,1133.25,1133.25,12188,90,0
454,2010-09-17 00:10:00,1133.25,1133.25,1133.25,1133.25,12098,5,0
455,2010-09-17 00:08:00,1133.25,1133.25,1133.25,1133.25,12093,1,0
456,2010-09-17 00:05:00,1133.25,1133.25,1133.25,1133.25,12092,5,0
457,2010-09-17 00:02:00,1133.0,1133.0,1133.0,1133.0,12040,1,0
458,2010-09-16 23:59:00,1133.0,1133.0,1133.0,1133.0,11993,1,0
459,2010-09-16 23:58:00,1133.25,1133.0,1133.0,1133.25,11992,28,0
460,2010-09-16 23:55:00,1133.25,1133.25,1133.25,1133.25,11964,33,0
461,2010-09-16 23:54:00,1133.25,1133.0,1133.0,1133.0,11931,42,0
462,2010-09-16 23:53:00,1132.75,1132.75,1132.75,1132.75,11865,1,0
463,2010-09-16 23:52:00,1132.75,1132.75,1132.75,1132.75,11864,64,0
464,2010-09-16 23:46:00,1132.75,1132.5,1132.75,1132.5,11753,11,0
465,2010-09-16 23:45:00,1132.5,1132.25,1132.25,1132.5,11742,237,0
466,2010-09-16 23:44:00,1132.5,1132.25,1132.5,1132.25,11422,2,0
467,2010-09-16 23:40:00,1132.25,1132.25,1132.25,1132.25,11420,1,0
468,2010-09-16 23:39:00,1132.25,1132.25,1132.25,1132.25,11419,4,0
469,2010-09-16 23:35:00,1132.0,1132.0,1132.0,1132.0,11415,2,0
470,2010-09-16 23:34:00,1132.0,1132.0,1132.0,1132.0,11327,5,0
471,2010-09-16 23:33:00,1132.0,1132.0,1132.0,1132.0,11312,10,0
472,2010-09-16 23:29:00,1132.25,1132.25,1132.25,1132.25,11255,12,0
473,2010-09-16 23:28:00,1132.25,1132.0,1132.0,1132.25,11243,29,0
474,2010-09-16 23:27:00,1132.25,1132.0,1132.25,1132.0,11175,8,0
475,2010-09-16 23:25:00,1132.5,1132.5,1132.5,1132.5,11167,16,0
476,2010-09-16 23:24:00,1132.5,1132.25,1132.25,1132.5,11151,18,0
477,2010-09-16 23:22:00,1132.25,1132.25,1132.25,1132.25,11133,2,0
478,2010-09-16 23:21:00,1132.25,1132.0,1132.0,1132.25,11131,195,0
479,2010-09-16 23:17:00,1131.75,1131.75,1131.75,1131.75,10936,10,0
480,2010-09-16 23:15:00,1132.0,1132.0,1132.0,1132.0,10926,7,0
481,2010-09-16 23:14:00,1131.5,1131.5,1131.5,1131.5,10883,2,0
482,2010-09-16 23:13:00,1132.0,1132.0,1132.0,1132.0,10845,2,0
483,2010-09-16 23:12:00,1131.5,1131.5,1131.5,1131.5,10843,2,0
484,2010-09-16 23:10:00,1131.5,1131.5,1131.5,1131.5,10702,1,0
485,2010-09-16 23:07:00,1131.75,1131.75,1131.75,1131.75,10701,1,0
486,2010-09-16 23:06:00,1131.75,1131.75,1131.75,1131.75,10700,1,0
487,2010-09-16 23:03:00,1131.5,1131.5,1131.5,1131.5,10699,25,0
488,2010-09-16 23:01:00,1131.0,1131.0,1131.0,1131.0,10624,1,0
489,2010-09-16 23:00:00,1131.25,1131.25,1131.25,1131.25,10623,16,0
490,2010-09-16 22:59:00,1132.0,1131.5,1131.75,1131.5,10607,35,0
491,2010-09-16 22:58:00,1131.75,1131.75,1131.75,1131.75,10434,10,0
492,2010-09-16 22:56:00,1131.5,1131.5,1131.5,1131.5,10424,1,0
493,2010-09-16 22:52:00,1131.5,1131.25,1131.5,1131.25,10423,3,0
494,2010-09-16 22:51:00,1131.75,1131.75,1131.75,1131.75,10359,1,0
495,2010-09-16 22:49:00,1131.75,1131.5,1131.75,1131.5,10358,69,0
496,2010-09-16 22:47:00,1131.75,1130.75,1130.75,1131.75,10259,445,0
497,2010-09-16 22:46:00,1130.5,1130.5,1130.5,1130.5,9811,16,0
498,2010-09-16 22:45:00,1130.25,1130.0,1130.0,1130.25,9795,10,0
499,2010-09-16 22:44:00,1129.75,1129.75,1129.75,1129.75,9725,2,0
500,2010-09-16 22:43:00,1129.75,1129.75,1129.75,1129.75,9723,12,0
501,2010-09-16 22:38:00,1129.75,1129.75,1129.75,1129.75,9569,1,0
502,2010-09-16 22:37:00,1129.75,1129.75,1129.75,1129.75,9532,1,0
503,2010-09-16 22:34:00,1129.75,1129.75,1129.75,1129.75,9531,6,0
504,2010-09-16 22:33:00,1129.75,1129.75,1129.75,1129.75,9496,1,0
505,2010-09-16 22:29:00,1129.75,1129.75,1129.75,1129.75,9495,6,0
506,2010-09-16 22:27:00,1129.75,1129.75,1129.75,1129.75,9489,3,0
507,2010-09-16 22:24:00,1129.75,1129.75,1129.75,1129.75,9486,17,0
508,2010-09-16 22:23:00,1130.0,1130.0,1130.0,1130.0,9262,1,0
509,2010-09-16 22:19:00,1130.0,1130.0,1130.0,1130.0,9261,10,0
510,2010-09-16 22:16:00,1130.0,1130.0,1130.0,1130.0,8899,1,0
511,2010-09-16 22:10:00,1130.25,1130.25,1130.25,1130.25,8898,25,0
512,2010-09-16 22:03:00,1130.25,1130.0,1130.0,1130.25,8873,7,0
513,2010-09-16 22:01:00,1130.0,1130.0,1130.0,1130.0,8866,5,0
514,2010-09-16 22:00:00,1130.25,1130.25,1130.25,1130.25,8831,3,0
515,2010-09-16 21:59:00,1130.25,1130.25,1130.25,1130.25,8828,9,0
516,2010-09-16 21:57:00,1130.25,1130.25,1130.25,1130.25,8819,4,0
517,2010-09-16 21:55:00,1130.25,1130.25,1130.25,1130.25,8815,1,0
518,2010-09-16 21:51:00,1130.25,1130.25,1130.25,1130.25,8814,5,0
519,2010-09-16 21:49:00,1130.25,1130.25,1130.25,1130.25,8809,1,0
520,2010-09-16 21:48:00,1130.25,1130.25,1130.25,1130.25,8808,11,0
521,2010-09-16 21:47:00,1130.25,1130.25,1130.25,1130.25,8776,10,0
522,2010-09-16 21:44:00,1130.5,1130.0,1130.25,1130.0,8766,16,0
523,2010-09-16 21:42:00,1130.25,1130.25,1130.25,1130.25,8750,20,0
524,2010-09-16 21:38:00,1130.5,1130.5,1130.5,1130.5,8688,2,0
525,2010-09-16 21:36:00,1130.5,1130.0,1130.25,1130.0,8557,216,0
526,2010-09-16 21:30:00,1130.25,1130.25,1130.25,1130.25,7790,8,0
527,2010-09-16 21:28:00,1130.0,1130.0,1130.0,1130.0,7782,6,0
528,2010-09-16 21:25:00,1130.25,1130.25,1130.25,1130.25,7776,2,0
529,2010-09-16 21:20:00,1130.25,1130.25,1130.25,1130.25,7773,3,0
530,2010-09-16 21:19:00,1130.0,1130.0,1130.0,1130.0,7765,40,0
531,2010-09-16 21:17:00,1130.0,1129.75,1129.75,1130.0,7719,200,0
532,2010-09-16 21:16:00,1129.75,1129.75,1129.75,1129.75,7302,1,0
533,2010-09-16 21:13:00,1129.5,1129.5,1129.5,1129.5,7301,1,0
534,2010-09-16 21:12:00,1129.75,1129.75,1129.75,1129.75,7300,1,0
535,2010-09-16 21:11:00,1129.75,1129.5,1129.75,1129.5,7299,80,0
536,2010-09-16 21:09:00,1130.0,1129.75,1130.0,1129.75,7217,2,0
537,2010-09-16 21:07:00,1130.0,1129.75,1130.0,1129.75,7215,3,0
538,2010-09-16 21:04:00,1129.5,1129.5,1129.5,1129.5,7212,10,0
539,2010-09-16 21:03:00,1129.75,1129.5,1129.75,1129.5,7202,11,0
540,2010-09-16 21:02:00,1130.0,1130.0,1130.0,1130.0,7188,1,0
541,2010-09-16 21:00:00,1130.0,1130.0,1130.0,1130.0,7187,65,0
542,2010-09-16 20:58:00,1130.0,1130.0,1130.0,1130.0,7122,12,0
543,2010-09-16 20:57:00,1130.0,1130.0,1130.0,1130.0,7110,48,0
544,2010-09-16 20:56:00,1129.75,1129.75,1129.75,1129.75,7062,1,0
545,2010-09-16 20:55:00,1129.75,1129.75,1129.75,1129.75,7061,1,0
546,2010-09-16 20:54:00,1129.75,1129.5,1129.5,1129.75,7060,2,0
547,2010-09-16 20:53:00,1129.75,1129.75,1129.75,1129.75,7058,4,0
548,2010-09-16 20:50:00,1129.75,1129.75,1129.75,1129.75,7054,21,0
549,2010-09-16 20:49:00,1130.0,1130.0,1130.0,1130.0,7033,7,0
550,2010-09-16 20:47:00,1129.75,1129.75,1129.75,1129.75,7026,2,0
551,2010-09-16 20:46:00,1130.25,1130.0,1130.25,1130.0,7024,2,0
552,2010-09-16 20:42:00,1130.5,1130.5,1130.5,1130.5,7021,4,0
553,2010-09-16 20:38:00,1130.25,1130.0,1130.0,1130.25,7017,2,0
554,2010-09-16 20:35:00,1130.0,1130.0,1130.0,1130.0,7015,25,0
555,2010-09-16 20:33:00,1130.0,1130.0,1130.0,1130.0,6990,4,0
556,2010-09-16 20:30:00,1129.75,1129.75,1129.75,1129.75,6986,1,0
557,2010-09-16 20:27:00,1130.0,1129.75,1130.0,1129.75,6985,5,0
558,2010-09-16 20:24:00,1129.75,1129.75,1129.75,1129.75,6980,4,0
559,2010-09-16 20:23:00,1129.75,1129.75,1129.75,1129.75,6966,2,0
560,2010-09-16 20:22:00,1130.25,1130.0,1130.0,1130.25,6964,12,0
561,2010-09-16 20:20:00,1130.5,1130.5,1130.5,1130.5,6950,2,0
562,2010-09-16 20:18:00,1130.0,1130.0,1130.0,1130.0,6948,2,0
563,2010-09-16 20:17:00,1130.25,1130.0,1130.0,1130.25,6944,36,0
564,2010-09-16 20:15:00,1130.75,1130.25,1130.75,1130.25,6907,45,0
565,2010-09-16 20:14:00,1131.0,1130.75,1130.75,1130.75,6862,25,0
566,2010-09-16 20:13:00,1130.75,1130.75,1130.75,1130.75,6837,1,0
567,2010-09-16 20:12:00,1130.75,1130.75,1130.75,1130.75,6836,3,0
568,2010-09-16 20:11:00,1130.75,1130.75,1130.75,1130.75,6833,3,0
569,2010-09-16 20:10:00,1130.75,1130.75,1130.75,1130.75,6830,2,0
570,2010-09-16 20:09:00,1130.75,1130.75,1130.75,1130.75,6828,2,0
571,2010-09-16 20:07:00,1130.25,1130.25,1130.25,1130.25,6826,2,0
572,2010-09-16 20:06:00,1130.75,1129.5,1129.75,1130.75,6824,21,0
573,2010-09-16 20:02:00,1129.75,1129.75,1129.75,1129.75,6803,1,0
574,2010-09-16 20:01:00,1129.75,1129.75,1129.75,1129.75,6802,1,0
575,2010-09-16 20:00:00,1129.75,1129.75,1129.75,1129.75,6801,1,0
576,2010-09-16 19:57:00,1130.0,1130.0,1130.0,1130.0,6800,1,0
577,2010-09-16 19:56:00,1129.75,1129.75,1129.75,1129.75,6799,2,0
578,2010-09-16 19:55:00,1130.0,1130.0,1130.0,1130.0,6797,1,0
579,2010-09-16 19:54:00,1129.75,1129.75,1129.75,1129.75,6796,2,0
580,2010-09-16 19:51:00,1129.5,1129.5,1129.5,1129.5,6794,14,0
581,2010-09-16 19:50:00,1129.5,1129.5,1129.5,1129.5,6767,1,0
582,2010-09-16 19:38:00,1129.25,1129.25,1129.25,1129.25,6766,44,0
583,2010-09-16 19:37:00,1129.5,1129.5,1129.5,1129.5,6722,1,0
584,2010-09-16 19:36:00,1129.75,1129.75,1129.75,1129.75,6721,16,0
585,2010-09-16 19:29:00,1129.5,1129.5,1129.5,1129.5,6705,2,0
586,2010-09-16 19:26:00,1129.5,1129.25,1129.5,1129.25,6368,3,0
587,2010-09-16 19:24:00,1129.5,1129.5,1129.5,1129.5,6365,6,0
588,2010-09-16 19:20:00,1129.5,1129.5,1129.5,1129.5,6359,5,0
589,2010-09-16 19:19:00,1129.75,1129.75,1129.75,1129.75,6354,11,0
590,2010-09-16 19:18:00,1129.75,1129.75,1129.75,1129.75,6343,4,0
591,2010-09-16 19:15:00,1129.25,1129.25,1129.25,1129.25,6339,2,0
592,2010-09-16 19:12:00,1129.75,1129.75,1129.75,1129.75,6337,7,0
593,2010-09-16 19:11:00,1130.0,1129.75,1129.75,1130.0,6325,82,0
594,2010-09-16 19:10:00,1129.75,1129.75,1129.75,1129.75,6243,2,0
595,2010-09-16 19:09:00,1129.75,1129.75,1129.75,1129.75,6241,1,0
596,2010-09-16 19:06:00,1129.75,1129.5,1129.5,1129.75,6240,5,0
597,2010-09-16 19:04:00,1129.25,1129.25,1129.25,1129.25,6126,1,0
598,2010-09-16 18:58:00,1129.75,1129.5,1129.5,1129.75,6125,4,0
599,2010-09-16 18:57:00,1129.75,1129.5,1129.5,1129.75,6121,3,0
600,2010-09-16 18:56:00,1129.75,1129.5,1129.75,1129.5,6118,4,0
601,2010-09-16 18:54:00,1129.5,1129.5,1129.5,1129.5,6114,2,0
602,2010-09-16 18:52:00,1129.5,1129.5,1129.5,1129.5,6112,3,0
603,2010-09-16 18:51:00,1129.5,1129.5,1129.5,1129.5,6109,2,0
604,2010-09-16 18:48:00,1129.25,1129.25,1129.25,1129.25,6107,8,0
605,2010-09-16 18:47:00,1129.25,1129.25,1129.25,1129.25,6099,2,0
606,2010-09-16 18:46:00,1129.25,1129.25,1129.25,1129.25,6097,6,0
607,2010-09-16 18:42:00,1129.25,1129.25,1129.25,1129.25,6091,3,0
608,2010-09-16 18:36:00,1129.25,1129.0,1129.25,1129.0,6088,2,0
609,2010-09-16 18:35:00,1129.25,1129.25,1129.25,1129.25,6086,13,0
610,2010-09-16 18:32:00,1129.5,1129.5,1129.5,1129.5,5961,2,0
611,2010-09-16 18:30:00,1129.75,1129.75,1129.75,1129.75,5934,5,0
612,2010-09-16 18:28:00,1129.5,1129.25,1129.25,1129.5,5929,3,0
613,2010-09-16 18:27:00,1129.5,1129.5,1129.5,1129.5,5925,9,0
614,2010-09-16 18:25:00,1129.5,1129.5,1129.5,1129.5,5916,1,0
615,2010-09-16 18:23:00,1129.5,1129.5,1129.5,1129.5,5915,1,0
616,2010-09-16 18:18:00,1129.25,1129.25,1129.25,1129.25,5914,1,0
617,2010-09-16 18:17:00,1129.5,1129.5,1129.5,1129.5,5913,2,0
618,2010-09-16 18:16:00,1129.5,1129.5,1129.5,1129.5,5911,20,0
619,2010-09-16 18:14:00,1129.5,1129.5,1129.5,1129.5,5391,3,0
620,2010-09-16 18:13:00,1129.25,1129.25,1129.25,1129.25,5388,1,0
621,2010-09-16 18:12:00,1129.5,1128.75,1128.75,1129.5,5387,262,0
622,2010-09-16 18:11:00,1129.0,1128.75,1129.0,1128.75,5110,2,0
623,2010-09-16 18:10:00,1129.25,1129.25,1129.25,1129.25,5107,10,0
624,2010-09-16 18:09:00,1129.25,1129.25,1129.25,1129.25,5097,2,0
625,2010-09-16 18:07:00,1129.25,1128.75,1128.75,1129.25,5095,4,0
626,2010-09-16 18:06:00,1128.75,1128.75,1128.75,1128.75,5091,40,0
627,2010-09-16 18:05:00,1128.75,1128.5,1128.5,1128.75,5051,20,0
628,2010-09-16 18:04:00,1128.5,1128.5,1128.5,1128.5,5031,3,0
629,2010-09-16 18:01:00,1128.25,1128.25,1128.25,1128.25,4719,2,0
630,2010-09-16 17:30:00,1127.75,1127.75,1127.75,1127.75,4716,1,0
631,2010-09-16 17:26:00,1127.75,1127.75,1127.75,1127.75,4713,1,0
632,2010-09-16 17:21:00,1128.25,1127.75,1128.25,1127.75,4712,6,0
633,2010-09-16 17:20:00,1128.25,1128.25,1128.25,1128.25,4706,43,0
634,2010-09-16 17:19:00,1128.25,1128.25,1128.25,1128.25,4543,1,0
635,2010-09-16 17:17:00,1128.25,1127.75,1127.75,1128.25,4542,83,0
636,2010-09-16 17:15:00,1127.75,1127.75,1127.75,1127.75,4446,3,0
637,2010-09-16 17:14:00,1128.0,1127.75,1128.0,1127.75,4343,31,0
638,2010-09-16 17:12:00,1128.25,1128.0,1128.0,1128.25,4312,4,0
639,2010-09-16 17:11:00,1128.25,1128.25,1128.25,1128.25,4308,1,0
640,2010-09-16 17:10:00,1128.0,1128.0,1128.0,1128.0,4307,2,0
641,2010-09-16 17:09:00,1128.0,1128.0,1128.0,1128.0,4235,2,0
642,2010-09-16 17:08:00,1128.25,1128.0,1128.25,1128.0,4233,16,0
643,2010-09-16 17:07:00,1128.75,1128.25,1128.75,1128.25,4217,35,0
644,2010-09-16 17:06:00,1129.0,1129.0,1129.0,1129.0,4179,4,0
645,2010-09-16 17:05:00,1129.0,1129.0,1129.0,1129.0,4171,1,0
646,2010-09-16 17:02:00,1128.75,1128.5,1128.75,1128.5,4170,6,0
647,2010-09-16 17:01:00,1128.75,1128.75,1128.75,1128.75,4154,1,0
648,2010-09-16 17:00:00,1129.0,1128.75,1129.0,1128.75,4023,11,0
649,2010-09-16 16:59:00,1129.25,1129.25,1129.25,1129.25,4012,4,0
650,2010-09-16 16:58:00,1128.75,1128.75,1128.75,1128.75,3983,10,0
651,2010-09-16 16:57:00,1128.75,1128.75,1128.75,1128.75,3973,5,0
652,2010-09-16 16:53:00,1129.0,1128.75,1128.75,1128.75,3968,13,0
653,2010-09-16 16:51:00,1129.0,1129.0,1129.0,1129.0,3955,13,0
654,2010-09-16 16:50:00,1129.0,1128.75,1128.75,1129.0,3922,116,0
655,2010-09-16 16:49:00,1128.75,1128.75,1128.75,1128.75,3766,4,0
656,2010-09-16 16:48:00,1128.75,1128.75,1128.75,1128.75,3760,1,0
657,2010-09-16 16:47:00,1129.0,1129.0,1129.0,1129.0,3759,5,0
658,2010-09-16 16:45:00,1128.75,1128.5,1128.5,1128.75,3571,2,0
659,2010-09-16 16:44:00,1128.75,1128.75,1128.75,1128.75,3369,1,0
660,2010-09-16 16:43:00,1128.75,1128.25,1128.25,1128.75,3368,2,0
661,2010-09-16 16:42:00,1128.75,1128.75,1128.75,1128.75,3366,1,0
662,2010-09-16 16:41:00,1128.5,1128.25,1128.25,1128.5,3365,3,0
663,2010-09-16 16:40:00,1128.25,1128.25,1128.25,1128.25,3262,4,0
664,2010-09-16 16:39:00,1128.5,1128.25,1128.5,1128.25,3207,3,0
665,2010-09-16 16:38:00,1128.5,1128.0,1128.0,1128.5,3202,172,0
666,2010-09-16 16:37:00,1128.25,1128.0,1128.0,1128.25,3025,6,0
667,2010-09-16 16:36:00,1128.5,1128.0,1128.5,1128.0,3014,2,0
668,2010-09-16 16:34:00,1128.0,1128.0,1128.0,1128.0,3012,16,0
669,2010-09-16 16:33:00,1128.75,1128.0,1128.5,1128.0,2996,63,0
670,2010-09-16 16:32:00,1129.5,1128.75,1129.25,1128.75,2470,67,0
671,2010-09-16 16:31:00,1129.25,1128.0,1128.0,1129.25,2330,215,0
672,2010-09-16 16:15:00,1128.0,1127.0,1127.75,1127.75,375027,1050,0
673,2010-09-16 16:14:00,1128.5,1127.25,1127.75,1128.0,371255,951,0
674,2010-09-16 16:13:00,1128.5,1127.25,1128.5,1127.75,365762,538,0
675,2010-09-16 16:12:00,1129.0,1127.0,1127.25,1128.5,364842,1543,0
676,2010-09-16 16:11:00,1127.25,1125.75,1126.0,1127.25,362999,733,0
677,2010-09-16 16:10:00,1126.5,1126.0,1126.5,1126.0,361939,357,0
678,2010-09-16 16:09:00,1126.5,1126.25,1126.5,1126.25,361474,411,0
679,2010-09-16 16:08:00,1126.75,1126.5,1126.5,1126.5,360683,42,0
680,2010-09-16 16:07:00,1126.75,1126.5,1126.5,1126.5,360379,305,0
681,2010-09-16 16:06:00,1126.5,1126.25,1126.5,1126.5,360024,7,0
682,2010-09-16 16:05:00,1126.75,1126.5,1126.75,1126.5,360017,398,0
683,2010-09-16 16:04:00,1126.75,1126.25,1126.25,1126.5,359491,365,0
684,2010-09-16 16:03:00,1126.5,1126.25,1126.25,1126.5,357808,367,0
685,2010-09-16 16:02:00,1126.25,1125.5,1125.75,1126.0,357301,860,0
686,2010-09-16 16:01:00,1126.0,1125.25,1125.5,1125.75,355940,1550,0
687,2010-09-16 16:00:00,1125.5,1124.75,1124.75,1125.25,354301,2015,0
688,2010-09-16 15:59:00,1125.0,1124.75,1124.75,1125.0,352232,354,0
689,2010-09-16 15:58:00,1125.0,1124.75,1125.0,1124.75,351778,733,0
690,2010-09-16 15:57:00,1125.0,1124.5,1124.5,1125.0,351006,526,0
691,2010-09-16 15:56:00,1124.75,1124.5,1124.75,1124.5,350458,401,0
692,2010-09-16 15:55:00,1125.25,1124.75,1125.0,1124.75,349844,264,0
693,2010-09-16 15:54:00,1125.5,1125.0,1125.5,1125.25,349578,126,0
694,2010-09-16 15:53:00,1125.5,1125.0,1125.0,1125.25,349451,869,0
695,2010-09-16 15:52:00,1125.0,1124.5,1124.75,1125.0,348387,177,0
696,2010-09-16 15:51:00,1125.0,1124.5,1124.75,1125.0,348188,311,0
697,2010-09-16 15:50:00,1124.75,1124.25,1124.25,1124.75,347086,109,0
698,2010-09-16 15:49:00,1124.5,1124.25,1124.25,1124.5,346977,604,0
699,2010-09-16 15:48:00,1124.5,1124.25,1124.25,1124.25,345762,195,0
700,2010-09-16 15:47:00,1124.0,1124.0,1124.0,1124.0,345207,180,0
701,2010-09-16 15:46:00,1124.75,1124.0,1124.5,1124.0,345027,335,0
702,2010-09-16 15:45:00,1124.75,1124.5,1124.75,1124.5,344542,280,0
703,2010-09-16 15:44:00,1125.25,1124.75,1124.75,1124.75,344262,620,0
704,2010-09-16 15:43:00,1124.75,1124.5,1124.75,1124.75,342134,74,0
705,2010-09-16 15:42:00,1125.0,1124.75,1124.75,1124.75,342035,827,0
706,2010-09-16 15:41:00,1125.0,1124.75,1124.75,1124.75,341138,189,0
707,2010-09-16 15:40:00,1125.0,1124.5,1124.5,1125.0,340931,274,0
708,2010-09-16 15:39:00,1124.5,1124.25,1124.25,1124.5,340657,148,0
709,2010-09-16 15:38:00,1124.75,1124.25,1124.75,1124.25,339509,1001,0
710,2010-09-16 15:37:00,1124.75,1124.5,1124.75,1124.5,335398,219,0
711,2010-09-16 15:36:00,1124.5,1124.25,1124.5,1124.5,334379,227,0
712,2010-09-16 15:35:00,1125.0,1124.75,1125.0,1124.75,333386,104,0
713,2010-09-16 15:34:00,1125.5,1125.0,1125.5,1125.0,329282,188,0
714,2010-09-16 15:33:00,1125.75,1125.0,1125.25,1125.0,327944,239,0
715,2010-09-16 15:32:00,1125.5,1125.25,1125.25,1125.25,327046,468,0
716,2010-09-16 15:31:00,1125.25,1124.5,1124.5,1125.25,325899,609,0
717,2010-09-16 15:30:00,1124.75,1124.5,1124.5,1124.75,323969,163,0
718,2010-09-16 15:29:00,1124.25,1124.0,1124.0,1124.25,323706,847,0
719,2010-09-16 15:28:00,1124.25,1124.0,1124.25,1124.25,322859,38,0
720,2010-09-16 15:27:00,1124.5,1124.0,1124.25,1124.5,321721,109,0
721,2010-09-16 15:26:00,1124.0,1123.75,1124.0,1124.0,321100,239,0
722,2010-09-16 15:25:00,1124.0,1124.0,1124.0,1124.0,320361,2,0
723,2010-09-16 15:24:00,1123.75,1123.25,1123.5,1123.75,320359,505,0
724,2010-09-16 15:23:00,1124.75,1123.25,1124.75,1123.25,319854,485,0
725,2010-09-16 15:22:00,1125.0,1124.5,1124.5,1124.5,318851,83,0
726,2010-09-16 15:21:00,1125.0,1124.5,1124.75,1124.5,318768,562,0
727,2010-09-16 15:20:00,1125.0,1124.5,1124.5,1124.75,318006,709,0
728,2010-09-16 15:19:00,1124.75,1124.25,1124.5,1124.5,316922,513,0
729,2010-09-16 15:18:00,1124.75,1124.0,1124.25,1124.5,315299,757,0
730,2010-09-16 15:17:00,1124.25,1124.0,1124.0,1124.0,314361,353,0
731,2010-09-16 15:16:00,1123.75,1123.75,1123.75,1123.75,313908,11,0
732,2010-09-16 15:15:00,1123.75,1123.5,1123.5,1123.75,313897,228,0
733,2010-09-16 15:14:00,1123.75,1123.5,1123.5,1123.5,313279,262,0
734,2010-09-16 15:13:00,1123.5,1123.5,1123.5,1123.5,313010,4,0
735,2010-09-16 15:12:00,1123.75,1123.5,1123.75,1123.5,312691,186,0
736,2010-09-16 15:11:00,1124.0,1123.75,1124.0,1123.75,312505,270,0
737,2010-09-16 15:10:00,1124.0,1123.5,1123.75,1123.75,312233,134,0
738,2010-09-16 15:09:00,1124.0,1123.5,1124.0,1123.5,311969,224,0
739,2010-09-16 15:08:00,1124.25,1123.5,1123.75,1124.0,311208,432,0
740,2010-09-16 15:07:00,1124.0,1123.0,1123.0,1123.75,310776,1030,0
741,2010-09-16 15:06:00,1123.25,1123.0,1123.0,1123.0,309746,44,0
742,2010-09-16 15:05:00,1123.25,1122.5,1122.75,1123.0,309702,65,0
743,2010-09-16 15:04:00,1122.75,1122.5,1122.5,1122.5,309637,30,0
744,2010-09-16 15:03:00,1123.0,1122.75,1123.0,1122.75,309607,131,0
745,2010-09-16 15:02:00,1123.25,1123.0,1123.0,1123.0,309476,83,0
746,2010-09-16 15:01:00,1122.75,1122.75,1122.75,1122.75,309393,37,0
747,2010-09-16 15:00:00,1122.75,1122.75,1122.75,1122.75,308100,87,0
748,2010-09-16 14:59:00,1122.75,1122.5,1122.75,1122.5,307847,499,0
749,2010-09-16 14:58:00,1123.0,1122.75,1122.75,1122.75,307348,148,0
750,2010-09-16 14:57:00,1123.25,1123.0,1123.25,1123.0,307200,88,0
751,2010-09-16 14:56:00,1123.25,1123.0,1123.0,1123.25,307076,63,0
752,2010-09-16 14:54:00,1122.75,1122.5,1122.75,1122.75,302337,149,0
753,2010-09-16 14:53:00,1122.75,1122.75,1122.75,1122.75,300124,7,0
754,2010-09-16 14:52:00,1122.75,1122.75,1122.75,1122.75,300117,155,0
755,2010-09-16 14:51:00,1122.75,1122.75,1122.75,1122.75,299065,40,0
756,2010-09-16 14:50:00,1123.0,1122.75,1122.75,1123.0,299024,16,0
757,2010-09-16 14:49:00,1123.0,1122.75,1123.0,1122.75,299008,40,0
758,2010-09-16 14:48:00,1123.25,1123.0,1123.25,1123.0,298898,99,0
759,2010-09-16 14:47:00,1123.5,1123.25,1123.5,1123.25,298797,140,0
760,2010-09-16 14:46:00,1123.25,1123.25,1123.25,1123.25,296403,22,0
761,2010-09-16 14:45:00,1123.25,1123.0,1123.25,1123.0,296378,52,0
762,2010-09-16 14:44:00,1123.5,1123.25,1123.5,1123.25,296326,13,0
763,2010-09-16 14:43:00,1123.5,1123.25,1123.25,1123.5,296313,6,0
764,2010-09-16 14:42:00,1123.5,1123.25,1123.5,1123.25,296306,186,0
765,2010-09-16 14:41:00,1123.5,1123.0,1123.25,1123.5,296120,430,0
766,2010-09-16 14:40:00,1123.25,1123.0,1123.25,1123.0,295689,99,0
767,2010-09-16 14:39:00,1123.0,1123.0,1123.0,1123.0,295590,97,0
768,2010-09-16 14:38:00,1123.0,1122.75,1122.75,1123.0,295493,36,0
769,2010-09-16 14:37:00,1123.0,1122.5,1122.75,1123.0,295457,133,0
770,2010-09-16 14:36:00,1123.25,1123.0,1123.0,1123.25,295244,943,0
771,2010-09-16 14:35:00,1123.0,1122.5,1122.5,1122.75,294301,114,0
772,2010-09-16 14:34:00,1122.5,1122.25,1122.5,1122.5,293187,20,0
773,2010-09-16 14:33:00,1122.75,1122.5,1122.5,1122.75,293167,50,0
774,2010-09-16 14:32:00,1123.0,1122.75,1123.0,1122.75,293112,39,0
775,2010-09-16 14:31:00,1123.0,1122.5,1122.75,1122.75,293073,241,0
776,2010-09-16 14:30:00,1123.0,1122.75,1123.0,1123.0,292832,143,0
777,2010-09-16 14:29:00,1123.0,1122.75,1122.75,1123.0,292346,203,0
778,2010-09-16 14:28:00,1123.5,1122.75,1123.5,1122.75,292143,228,0
779,2010-09-16 14:27:00,1123.5,1122.25,1122.25,1123.5,291915,2538,0
780,2010-09-16 14:26:00,1122.5,1122.0,1122.0,1122.25,288074,926,0
781,2010-09-16 14:25:00,1122.0,1121.75,1121.75,1122.0,287112,31,0
782,2010-09-16 14:24:00,1122.0,1121.5,1122.0,1121.75,287081,114,0
783,2010-09-16 14:23:00,1121.75,1121.75,1121.75,1121.75,286967,11,0
784,2010-09-16 14:22:00,1122.0,1121.5,1121.5,1121.75,286956,61,0
785,2010-09-16 14:21:00,1121.75,1121.25,1121.75,1121.5,286598,31,0
786,2010-09-16 14:20:00,1122.0,1121.5,1121.75,1121.75,286567,152,0
787,2010-09-16 14:19:00,1122.0,1121.75,1122.0,1122.0,286415,95,0
788,2010-09-16 14:18:00,1122.0,1122.0,1122.0,1122.0,285915,289,0
789,2010-09-16 14:17:00,1122.25,1122.25,1122.25,1122.25,285606,22,0
790,2010-09-16 14:16:00,1122.5,1122.0,1122.0,1122.25,285584,404,0
791,2010-09-16 14:15:00,1122.0,1121.75,1121.75,1122.0,285180,150,0
792,2010-09-16 14:14:00,1122.0,1121.75,1122.0,1121.75,285030,142,0
793,2010-09-16 14:13:00,1122.0,1122.0,1122.0,1122.0,284888,337,0
794,2010-09-16 14:12:00,1122.0,1121.75,1122.0,1122.0,284321,821,0
795,2010-09-16 14:11:00,1121.75,1121.5,1121.5,1121.75,283500,122,0
796,2010-09-16 14:10:00,1121.75,1121.25,1121.5,1121.25,283378,285,0
797,2010-09-16 14:09:00,1121.5,1121.0,1121.0,1121.5,283093,641,0
798,2010-09-16 14:08:00,1121.25,1121.0,1121.0,1121.0,282452,162,0
799,2010-09-16 14:07:00,1121.0,1121.0,1121.0,1121.0,281385,59,0
800,2010-09-16 14:06:00,1121.5,1121.25,1121.5,1121.25,281326,2,0
801,2010-09-16 14:05:00,1121.25,1121.0,1121.25,1121.25,281324,207,0
802,2010-09-16 14:04:00,1121.75,1121.25,1121.75,1121.5,281094,74,0
803,2010-09-16 14:03:00,1122.25,1121.5,1121.5,1122.0,281008,594,0
804,2010-09-16 14:02:00,1121.75,1121.0,1121.0,1121.75,280414,329,0
805,2010-09-16 14:01:00,1121.0,1120.5,1120.5,1121.0,280085,193,0
806,2010-09-16 14:00:00,1120.75,1120.5,1120.5,1120.75,279072,72,0
807,2010-09-16 13:59:00,1120.5,1120.25,1120.25,1120.5,278990,607,0
808,2010-09-16 13:58:00,1120.0,1120.0,1120.0,1120.0,278269,24,0
809,2010-09-16 13:57:00,1120.0,1119.5,1120.0,1120.0,278145,813,0
810,2010-09-16 13:56:00,1120.5,1120.25,1120.5,1120.25,277315,74,0
811,2010-09-16 13:55:00,1120.5,1120.25,1120.5,1120.5,277241,16,0
812,2010-09-16 13:54:00,1120.5,1120.25,1120.25,1120.5,277003,123,0
813,2010-09-16 13:53:00,1120.5,1120.5,1120.5,1120.5,276830,40,0
814,2010-09-16 13:51:00,1120.75,1120.5,1120.5,1120.5,276788,119,0
815,2010-09-16 13:50:00,1120.75,1120.75,1120.75,1120.75,276667,101,0
816,2010-09-16 13:49:00,1120.75,1120.5,1120.75,1120.5,275566,86,0
817,2010-09-16 13:47:00,1121.0,1120.75,1121.0,1120.75,274980,104,0
818,2010-09-16 13:46:00,1121.25,1121.0,1121.25,1121.25,274796,83,0
819,2010-09-16 13:45:00,1121.5,1121.0,1121.0,1121.25,274713,128,0
820,2010-09-16 13:44:00,1120.75,1120.75,1120.75,1120.75,274385,30,0
821,2010-09-16 13:43:00,1121.0,1120.75,1120.75,1120.75,274206,68,0
822,2010-09-16 13:42:00,1120.5,1120.5,1120.5,1120.5,274136,18,0
823,2010-09-16 13:41:00,1120.75,1120.75,1120.75,1120.75,273258,6,0
824,2010-09-16 13:40:00,1120.75,1120.5,1120.5,1120.5,273149,10,0
825,2010-09-16 13:39:00,1120.5,1120.5,1120.5,1120.5,272939,1,0
826,2010-09-16 13:38:00,1120.5,1120.5,1120.5,1120.5,272938,30,0
827,2010-09-16 13:37:00,1120.75,1120.5,1120.5,1120.5,272811,6,0
828,2010-09-16 13:36:00,1120.5,1120.5,1120.5,1120.5,272805,19,0
829,2010-09-16 13:35:00,1120.75,1120.5,1120.5,1120.5,272786,17,0
830,2010-09-16 13:34:00,1120.75,1120.5,1120.75,1120.5,272769,181,0
831,2010-09-16 13:33:00,1120.75,1120.5,1120.5,1120.75,271338,43,0
832,2010-09-16 13:32:00,1120.5,1120.5,1120.5,1120.5,271295,50,0
833,2010-09-16 13:31:00,1121.0,1120.75,1121.0,1120.75,271240,40,0
834,2010-09-16 13:30:00,1121.25,1121.25,1121.25,1121.25,271200,23,0
835,2010-09-16 13:28:00,1121.25,1121.0,1121.25,1121.25,271177,25,0
836,2010-09-16 13:27:00,1121.5,1121.0,1121.0,1121.25,270352,342,0
837,2010-09-16 13:26:00,1120.75,1120.5,1120.5,1120.75,269755,23,0
838,2010-09-16 13:25:00,1120.75,1120.5,1120.75,1120.5,269729,9,0
839,2010-09-16 13:24:00,1120.75,1120.5,1120.5,1120.75,269714,79,0
840,2010-09-16 13:23:00,1120.25,1120.25,1120.25,1120.25,269094,1,0
841,2010-09-16 13:22:00,1120.25,1119.75,1120.0,1120.25,269093,87,0
842,2010-09-16 13:21:00,1120.5,1120.25,1120.5,1120.25,269006,7,0
843,2010-09-16 13:20:00,1120.25,1120.25,1120.25,1120.25,268999,17,0
844,2010-09-16 13:19:00,1120.5,1119.75,1119.75,1120.25,268982,56,0
845,2010-09-16 13:18:00,1120.25,1119.5,1120.0,1119.75,268926,101,0
846,2010-09-16 13:17:00,1120.75,1120.0,1120.75,1120.25,268825,169,0
847,2010-09-16 13:16:00,1121.0,1120.5,1121.0,1120.75,268656,217,0
848,2010-09-16 13:15:00,1121.25,1121.25,1121.25,1121.25,268438,1,0
849,2010-09-16 13:14:00,1121.25,1121.25,1121.25,1121.25,268437,1,0
850,2010-09-16 13:13:00,1121.25,1121.25,1121.25,1121.25,268436,12,0
851,2010-09-16 13:12:00,1121.25,1121.0,1121.0,1121.25,268401,132,0
852,2010-09-16 13:11:00,1121.5,1120.5,1121.5,1121.0,268033,356,0
853,2010-09-16 13:10:00,1121.75,1121.5,1121.75,1121.5,267677,172,0
854,2010-09-16 13:09:00,1121.75,1121.5,1121.75,1121.5,267505,193,0
855,2010-09-16 13:08:00,1122.0,1121.75,1122.0,1122.0,266952,9,0
856,2010-09-16 13:07:00,1122.0,1122.0,1122.0,1122.0,266919,3,0
857,2010-09-16 13:06:00,1122.0,1121.75,1122.0,1122.0,266914,47,0
858,2010-09-16 13:05:00,1122.0,1121.75,1121.75,1122.0,266867,315,0
859,2010-09-16 13:04:00,1121.5,1121.5,1121.5,1121.5,265409,39,0
860,2010-09-16 13:03:00,1122.0,1121.5,1121.5,1121.75,265260,11,0
861,2010-09-16 13:02:00,1122.0,1121.25,1121.25,1122.0,265179,60,0
862,2010-09-16 13:01:00,1122.25,1121.5,1122.25,1121.5,264014,224,0
863,2010-09-16 13:00:00,1122.5,1122.0,1122.0,1122.25,263780,390,0
864,2010-09-16 12:59:00,1122.5,1121.5,1121.5,1122.25,263190,502,0
865,2010-09-16 12:58:00,1121.75,1121.25,1121.5,1121.25,261488,58,0
866,2010-09-16 12:57:00,1121.75,1121.5,1121.75,1121.75,261430,57,0
867,2010-09-16 12:56:00,1121.75,1121.5,1121.5,1121.5,261373,108,0
868,2010-09-16 12:55:00,1121.75,1121.5,1121.5,1121.75,261265,50,0
869,2010-09-16 12:54:00,1121.5,1121.25,1121.25,1121.5,261215,27,0
870,2010-09-16 12:53:00,1121.5,1121.25,1121.25,1121.25,261188,341,0
871,2010-09-16 12:52:00,1121.25,1121.0,1121.0,1121.25,260847,12,0
872,2010-09-16 12:51:00,1121.0,1121.0,1121.0,1121.0,260793,16,0
873,2010-09-16 12:50:00,1121.0,1120.75,1120.75,1121.0,260657,159,0
874,2010-09-16 12:49:00,1121.0,1120.75,1121.0,1120.75,260498,11,0
875,2010-09-16 12:48:00,1121.0,1121.0,1121.0,1121.0,260476,5,0
876,2010-09-16 12:47:00,1121.25,1121.25,1121.25,1121.25,260471,63,0
877,2010-09-16 12:46:00,1121.5,1121.25,1121.5,1121.25,260408,11,0
878,2010-09-16 12:45:00,1121.25,1121.25,1121.25,1121.25,260397,59,0
879,2010-09-16 12:44:00,1121.5,1121.5,1121.5,1121.5,260068,112,0
880,2010-09-16 12:43:00,1121.5,1121.25,1121.5,1121.5,259636,78,0
881,2010-09-16 12:42:00,1121.5,1121.0,1121.0,1121.25,259558,327,0
882,2010-09-16 12:41:00,1121.0,1120.5,1120.5,1121.0,259231,11,0
883,2010-09-16 12:40:00,1121.0,1120.75,1120.75,1120.75,259220,186,0
884,2010-09-16 12:39:00,1121.0,1120.75,1121.0,1120.75,259028,53,0
885,2010-09-16 12:38:00,1120.75,1120.5,1120.5,1120.75,258975,203,0
886,2010-09-16 12:37:00,1120.75,1120.5,1120.5,1120.5,258722,47,0
887,2010-09-16 12:36:00,1120.5,1120.5,1120.5,1120.5,258675,33,0
888,2010-09-16 12:35:00,1120.75,1120.5,1120.5,1120.75,258642,108,0
889,2010-09-16 12:34:00,1120.75,1120.25,1120.5,1120.5,258484,140,0
890,2010-09-16 12:33:00,1120.5,1120.25,1120.25,1120.5,258282,22,0
891,2010-09-16 12:32:00,1120.5,1120.25,1120.25,1120.25,258260,132,0
892,2010-09-16 12:30:00,1120.0,1120.0,1120.0,1120.0,258128,7,0
893,2010-09-16 12:29:00,1120.25,1119.75,1119.75,1120.25,258121,263,0
894,2010-09-16 12:28:00,1120.25,1119.5,1119.5,1120.0,257858,63,0
895,2010-09-16 12:27:00,1119.75,1119.75,1119.75,1119.75,253795,20,0
896,2010-09-16 12:26:00,1119.75,1119.5,1119.5,1119.5,253629,99,0
897,2010-09-16 12:25:00,1119.75,1119.25,1119.75,1119.5,253530,188,0
898,2010-09-16 12:24:00,1119.5,1119.25,1119.5,1119.5,253342,60,0
899,2010-09-16 12:23:00,1119.75,1119.75,1119.75,1119.75,253025,2,0
900,2010-09-16 12:22:00,1120.0,1119.75,1119.75,1120.0,253023,21,0
901,2010-09-16 12:21:00,1120.0,1119.75,1119.75,1120.0,253002,93,0
902,2010-09-16 12:20:00,1120.0,1119.75,1119.75,1120.0,252909,10,0
903,2010-09-16 12:19:00,1120.0,1119.5,1119.75,1119.75,252874,372,0
904,2010-09-16 12:18:00,1119.75,1119.5,1119.5,1119.75,252302,45,0
905,2010-09-16 12:17:00,1119.5,1119.0,1119.25,1119.5,249145,142,0
906,2010-09-16 12:16:00,1119.25,1119.0,1119.25,1119.25,248998,13,0
907,2010-09-16 12:15:00,1119.25,1119.0,1119.0,1119.0,247925,139,0
908,2010-09-16 12:14:00,1119.25,1119.0,1119.25,1119.0,247786,107,0
909,2010-09-16 12:13:00,1119.25,1118.75,1119.0,1119.0,247065,173,0
910,2010-09-16 12:12:00,1119.25,1118.75,1119.0,1119.25,246682,255,0
911,2010-09-16 12:11:00,1119.75,1119.0,1119.5,1119.0,246426,283,0
912,2010-09-16 12:10:00,1120.0,1119.5,1120.0,1119.5,246124,248,0
913,2010-09-16 12:09:00,1120.0,1120.0,1120.0,1120.0,245821,116,0
914,2010-09-16 12:08:00,1120.25,1120.25,1120.25,1120.25,245705,17,0
915,2010-09-16 12:07:00,1120.5,1120.25,1120.5,1120.25,245688,32,0
916,2010-09-16 12:06:00,1120.5,1120.5,1120.5,1120.5,245383,2,0
917,2010-09-16 12:05:00,1120.5,1120.25,1120.5,1120.25,245372,12,0
918,2010-09-16 12:04:00,1120.5,1120.25,1120.5,1120.25,245360,67,0
919,2010-09-16 12:03:00,1120.5,1120.5,1120.5,1120.5,244941,21,0
920,2010-09-16 12:02:00,1120.5,1120.0,1120.25,1120.25,244865,119,0
921,2010-09-16 12:01:00,1120.5,1120.0,1120.5,1120.0,244746,46,0
922,2010-09-16 12:00:00,1120.5,1120.25,1120.5,1120.5,244700,41,0
923,2010-09-16 11:59:00,1120.75,1120.75,1120.75,1120.75,244399,19,0
924,2010-09-16 11:58:00,1120.5,1120.5,1120.5,1120.5,244079,15,0
925,2010-09-16 11:57:00,1121.0,1120.75,1121.0,1120.75,243661,21,0
926,2010-09-16 11:56:00,1121.0,1120.25,1120.25,1120.75,243590,121,0
927,2010-09-16 11:55:00,1120.25,1120.25,1120.25,1120.25,242834,29,0
928,2010-09-16 11:54:00,1120.0,1119.75,1119.75,1120.0,242740,125,0
929,2010-09-16 11:53:00,1120.25,1119.5,1120.0,1119.75,242360,102,0
930,2010-09-16 11:52:00,1120.0,1119.75,1119.75,1120.0,241630,11,0
931,2010-09-16 11:51:00,1120.25,1119.75,1120.25,1119.75,241619,71,0
932,2010-09-16 11:50:00,1120.5,1120.25,1120.25,1120.25,241528,511,0
933,2010-09-16 11:49:00,1120.25,1120.0,1120.25,1120.25,240876,706,0
934,2010-09-16 11:47:00,1120.75,1120.5,1120.5,1120.75,240054,21,0
935,2010-09-16 11:46:00,1120.75,1120.5,1120.5,1120.5,240023,69,0
936,2010-09-16 11:45:00,1120.25,1120.0,1120.25,1120.25,239940,34,0
937,2010-09-16 11:44:00,1120.5,1120.25,1120.25,1120.25,239905,16,0
938,2010-09-16 11:43:00,1120.5,1120.25,1120.5,1120.25,239692,109,0
939,2010-09-16 11:42:00,1120.75,1120.5,1120.75,1120.5,239583,94,0
940,2010-09-16 11:41:00,1121.0,1120.75,1120.75,1121.0,239360,40,0
941,2010-09-16 11:40:00,1121.0,1120.5,1120.75,1121.0,239296,503,0
942,2010-09-16 11:39:00,1120.75,1120.25,1120.5,1120.75,238763,124,0
943,2010-09-16 11:38:00,1120.5,1120.25,1120.5,1120.25,238627,23,0
944,2010-09-16 11:37:00,1120.5,1120.25,1120.5,1120.5,238604,152,0
945,2010-09-16 11:36:00,1120.5,1119.75,1119.75,1120.5,238422,178,0
946,2010-09-16 11:35:00,1120.0,1119.75,1119.75,1120.0,238231,179,0
947,2010-09-16 11:34:00,1120.25,1119.75,1120.25,1119.75,238052,283,0
948,2010-09-16 11:33:00,1120.75,1120.0,1120.5,1120.0,237742,191,0
949,2010-09-16 11:32:00,1120.75,1120.5,1120.75,1120.5,237500,130,0
950,2010-09-16 11:31:00,1121.0,1120.5,1120.75,1121.0,237343,197,0
951,2010-09-16 11:30:00,1121.0,1120.5,1120.5,1121.0,237144,201,0
952,2010-09-16 11:29:00,1120.75,1120.25,1120.5,1120.5,236003,302,0
953,2010-09-16 11:28:00,1121.0,1119.75,1120.75,1120.5,235163,1307,0
954,2010-09-16 11:27:00,1121.5,1120.75,1121.5,1121.0,233721,199,0
955,2010-09-16 11:26:00,1121.75,1121.5,1121.75,1121.75,232125,209,0
956,2010-09-16 11:25:00,1121.75,1121.5,1121.75,1121.75,231884,370,0
957,2010-09-16 11:24:00,1121.75,1121.0,1121.0,1121.75,230814,437,0
958,2010-09-16 11:23:00,1121.5,1120.75,1121.25,1121.5,230124,347,0
959,2010-09-16 11:22:00,1122.0,1121.75,1121.75,1121.75,229777,167,0
960,2010-09-16 11:21:00,1122.25,1121.75,1122.0,1121.75,229605,401,0
961,2010-09-16 11:20:00,1122.5,1122.0,1122.5,1122.0,229101,605,0
962,2010-09-16 11:19:00,1122.5,1122.0,1122.5,1122.25,228296,155,0
963,2010-09-16 11:18:00,1122.25,1122.25,1122.25,1122.25,227781,71,0
964,2010-09-16 11:17:00,1122.25,1122.0,1122.0,1122.25,227440,39,0
965,2010-09-16 11:16:00,1122.0,1122.0,1122.0,1122.0,227376,57,0
966,2010-09-16 11:15:00,1122.0,1121.75,1121.75,1122.0,226437,98,0
967,2010-09-16 11:14:00,1121.75,1121.25,1121.75,1121.5,225103,64,0
968,2010-09-16 11:13:00,1121.75,1121.25,1121.75,1121.5,225011,117,0
969,2010-09-16 11:12:00,1122.0,1121.75,1122.0,1122.0,223494,25,0
970,2010-09-16 11:11:00,1122.0,1121.75,1122.0,1122.0,223409,260,0
971,2010-09-16 11:10:00,1122.5,1121.75,1122.25,1122.0,216285,267,0
972,2010-09-16 11:09:00,1122.5,1122.0,1122.5,1122.25,209121,119,0
973,2010-09-16 11:08:00,1122.75,1122.5,1122.5,1122.5,208973,147,0
974,2010-09-16 11:07:00,1122.75,1122.25,1122.5,1122.75,207756,58,0
975,2010-09-16 11:06:00,1122.5,1122.25,1122.25,1122.25,207357,37,0
976,2010-09-16 11:05:00,1122.25,1122.0,1122.0,1122.25,207306,61,0
977,2010-09-16 11:04:00,1122.0,1122.0,1122.0,1122.0,205742,15,0
978,2010-09-16 11:03:00,1122.25,1121.5,1121.5,1122.0,205727,300,0
979,2010-09-16 11:02:00,1122.0,1121.5,1121.75,1121.75,205426,317,0
980,2010-09-16 11:01:00,1121.75,1121.5,1121.5,1121.75,205109,173,0
981,2010-09-16 11:00:00,1122.25,1121.5,1122.0,1121.75,193152,392,0
982,2010-09-16 10:59:00,1122.25,1122.0,1122.25,1122.0,192690,39,0
983,2010-09-16 10:58:00,1122.5,1122.25,1122.5,1122.25,192649,20,0
984,2010-09-16 10:57:00,1122.5,1122.25,1122.5,1122.5,192302,178,0
985,2010-09-16 10:56:00,1122.75,1122.25,1122.25,1122.5,192124,272,0
986,2010-09-16 10:55:00,1122.75,1122.0,1122.25,1122.0,191852,288,0
987,2010-09-16 10:54:00,1122.75,1122.0,1122.0,1122.25,191556,538,0
988,2010-09-16 10:53:00,1122.25,1121.75,1121.75,1122.0,191018,102,0
989,2010-09-16 10:52:00,1122.25,1121.75,1122.25,1121.75,190916,130,0
990,2010-09-16 10:51:00,1122.5,1122.0,1122.25,1122.25,190657,103,0
991,2010-09-16 10:50:00,1122.5,1122.0,1122.0,1122.25,190554,373,0
992,2010-09-16 10:49:00,1122.25,1121.75,1122.0,1122.0,190180,562,0
993,2010-09-16 10:48:00,1122.25,1121.75,1122.25,1122.25,189510,242,0
994,2010-09-16 10:47:00,1122.5,1121.5,1122.0,1122.25,189268,682,0
995,2010-09-16 10:46:00,1122.0,1121.5,1121.5,1121.75,188580,391,0
996,2010-09-16 10:45:00,1121.75,1120.75,1121.0,1121.5,188189,574,0
997,2010-09-16 10:44:00,1120.75,1120.5,1120.75,1120.75,187615,332,0
998,2010-09-16 10:43:00,1121.25,1120.5,1120.5,1120.75,187283,483,0
999,2010-09-16 10:42:00,1120.5,1119.5,1119.5,1120.5,185799,239,0
